{"cameraMode":{"drawMode":0,"name":"Shaded","section":"Shading Mode"},"sceneLighting":false,"audioPlay":false,"sceneViewState":{"m_AlwaysRefresh":false,"showFog":true,"showSkybox":false,"showFlares":true,"showImageEffects":true,"showParticleSystems":true,"showVisualEffectGraphs":true,"m_FxEnabled":true},"in2DMode":false,"pivot":{"x":0.1495404988527298,"y":0.8651897311210632,"z":-0.2483152598142624},"rotation":{"x":0.00038578014937229455,"y":0.9995880722999573,"z":-0.018004080280661584,"w":0.024598024785518647},"size":2.218085527420044,"orthographic":false}